{"London": 769.4999999999998, "Edinburgh": 1109.2000000000003, "Sarajevo": 1262.3000000000002, "Amsterdam": 1199.1999999999994, "Paris": 963.8, "Madrid": 516.4000000000001, "Damascus": 182.0, "New York City": 1492.4999999999993, "Los Angeles": 979.7000000000004, "Dubai": 79.59999999999998}