{"London": 546.6000000000003, "Edinburgh": 515.4000000000001, "Sarajevo": 787.9000000000003, "Amsterdam": 587.5, "Paris": 502.10000000000025, "Madrid": 558.0000000000003, "Damascus": 236.79999999999993, "New York City": 1225.4, "Los Angeles": 307.79999999999995, "Dubai": 22.6}